image_name,person_name
Akshay Kumar_0.jpg,Akshay Kumar
Akshay Kumar_1.jpg,Akshay Kumar
Akshay Kumar_2.jpg,Akshay Kumar
Akshay Kumar_3.jpg,Akshay Kumar
Akshay Kumar_4.jpg,Akshay Kumar
Akshay Kumar_5.jpg,Akshay Kumar
Akshay Kumar_6.jpg,Akshay Kumar
Akshay Kumar_7.jpg,Akshay Kumar
Akshay Kumar_8.jpg,Akshay Kumar
Akshay Kumar_9.jpg,Akshay Kumar
Akshay Kumar_10.jpg,Akshay Kumar
Akshay Kumar_11.jpg,Akshay Kumar
Akshay Kumar_12.jpg,Akshay Kumar
Akshay Kumar_13.jpg,Akshay Kumar
Akshay Kumar_14.jpg,Akshay Kumar
Akshay Kumar_15.jpg,Akshay Kumar
Akshay Kumar_16.jpg,Akshay Kumar
Akshay Kumar_17.jpg,Akshay Kumar
Akshay Kumar_18.jpg,Akshay Kumar
Akshay Kumar_19.jpg,Akshay Kumar
Akshay Kumar_20.jpg,Akshay Kumar
Akshay Kumar_21.jpg,Akshay Kumar
Akshay Kumar_22.jpg,Akshay Kumar
Akshay Kumar_23.jpg,Akshay Kumar
Akshay Kumar_24.jpg,Akshay Kumar
Akshay Kumar_25.jpg,Akshay Kumar
Akshay Kumar_26.jpg,Akshay Kumar
Akshay Kumar_27.jpg,Akshay Kumar
Akshay Kumar_28.jpg,Akshay Kumar
Akshay Kumar_29.jpg,Akshay Kumar
Akshay Kumar_30.jpg,Akshay Kumar
Akshay Kumar_31.jpg,Akshay Kumar
Akshay Kumar_32.jpg,Akshay Kumar
Akshay Kumar_33.jpg,Akshay Kumar
Akshay Kumar_34.jpg,Akshay Kumar
Akshay Kumar_35.jpg,Akshay Kumar
Akshay Kumar_36.jpg,Akshay Kumar
Akshay Kumar_37.jpg,Akshay Kumar
Akshay Kumar_38.jpg,Akshay Kumar
Akshay Kumar_39.jpg,Akshay Kumar
Akshay Kumar_40.jpg,Akshay Kumar
Akshay Kumar_41.jpg,Akshay Kumar
Akshay Kumar_42.jpg,Akshay Kumar
Akshay Kumar_43.jpg,Akshay Kumar
Akshay Kumar_44.jpg,Akshay Kumar
Akshay Kumar_45.jpg,Akshay Kumar
Akshay Kumar_46.jpg,Akshay Kumar
Akshay Kumar_47.jpg,Akshay Kumar
Akshay Kumar_48.jpg,Akshay Kumar
Akshay Kumar_49.jpg,Akshay Kumar
Alia Bhatt_0.jpg,Alia Bhatt
Alia Bhatt_1.jpg,Alia Bhatt
Alia Bhatt_2.jpg,Alia Bhatt
Alia Bhatt_3.jpg,Alia Bhatt
Alia Bhatt_4.jpg,Alia Bhatt
Alia Bhatt_5.jpg,Alia Bhatt
Alia Bhatt_6.jpg,Alia Bhatt
Alia Bhatt_7.jpg,Alia Bhatt
Alia Bhatt_8.jpg,Alia Bhatt
Alia Bhatt_9.jpg,Alia Bhatt
Alia Bhatt_10.jpg,Alia Bhatt
Alia Bhatt_11.jpg,Alia Bhatt
Alia Bhatt_12.jpg,Alia Bhatt
Alia Bhatt_13.jpg,Alia Bhatt
Alia Bhatt_14.jpg,Alia Bhatt
Alia Bhatt_15.jpg,Alia Bhatt
Alia Bhatt_16.jpg,Alia Bhatt
Alia Bhatt_17.jpg,Alia Bhatt
Alia Bhatt_18.jpg,Alia Bhatt
Alia Bhatt_19.jpg,Alia Bhatt
Alia Bhatt_20.jpg,Alia Bhatt
Alia Bhatt_21.jpg,Alia Bhatt
Alia Bhatt_22.jpg,Alia Bhatt
Alia Bhatt_23.jpg,Alia Bhatt
Alia Bhatt_24.jpg,Alia Bhatt
Alia Bhatt_25.jpg,Alia Bhatt
Alia Bhatt_26.jpg,Alia Bhatt
Alia Bhatt_27.jpg,Alia Bhatt
Alia Bhatt_28.jpg,Alia Bhatt
Alia Bhatt_29.jpg,Alia Bhatt
Alia Bhatt_30.jpg,Alia Bhatt
Alia Bhatt_31.jpg,Alia Bhatt
Alia Bhatt_32.jpg,Alia Bhatt
Alia Bhatt_33.jpg,Alia Bhatt
Alia Bhatt_34.jpg,Alia Bhatt
Alia Bhatt_35.jpg,Alia Bhatt
Alia Bhatt_36.jpg,Alia Bhatt
Alia Bhatt_37.jpg,Alia Bhatt
Alia Bhatt_38.jpg,Alia Bhatt
Alia Bhatt_39.jpg,Alia Bhatt
Alia Bhatt_40.jpg,Alia Bhatt
Alia Bhatt_41.jpg,Alia Bhatt
Alia Bhatt_42.jpg,Alia Bhatt
Alia Bhatt_43.jpg,Alia Bhatt
Alia Bhatt_44.jpg,Alia Bhatt
Alia Bhatt_45.jpg,Alia Bhatt
Alia Bhatt_46.jpg,Alia Bhatt
Alia Bhatt_47.jpg,Alia Bhatt
Alia Bhatt_48.jpg,Alia Bhatt
Alia Bhatt_49.jpg,Alia Bhatt
Alia Bhatt_50.jpg,Alia Bhatt
Alia Bhatt_51.jpg,Alia Bhatt
Alia Bhatt_52.jpg,Alia Bhatt
Alia Bhatt_53.jpg,Alia Bhatt
Alia Bhatt_54.jpg,Alia Bhatt
Alia Bhatt_55.jpg,Alia Bhatt
Alia Bhatt_56.jpg,Alia Bhatt
Alia Bhatt_57.jpg,Alia Bhatt
Alia Bhatt_58.jpg,Alia Bhatt
Alia Bhatt_59.jpg,Alia Bhatt
Alia Bhatt_60.jpg,Alia Bhatt
Alia Bhatt_61.jpg,Alia Bhatt
Alia Bhatt_62.jpg,Alia Bhatt
Alia Bhatt_63.jpg,Alia Bhatt
Alia Bhatt_64.jpg,Alia Bhatt
Alia Bhatt_65.jpg,Alia Bhatt
Alia Bhatt_66.jpg,Alia Bhatt
Alia Bhatt_67.jpg,Alia Bhatt
Alia Bhatt_68.jpg,Alia Bhatt
Alia Bhatt_69.jpg,Alia Bhatt
Alia Bhatt_70.jpg,Alia Bhatt
Alia Bhatt_71.jpg,Alia Bhatt
Alia Bhatt_72.jpg,Alia Bhatt
Alia Bhatt_73.jpg,Alia Bhatt
Alia Bhatt_74.jpg,Alia Bhatt
Alia Bhatt_75.jpg,Alia Bhatt
Alia Bhatt_76.jpg,Alia Bhatt
Alia Bhatt_77.jpg,Alia Bhatt
Alia Bhatt_78.jpg,Alia Bhatt
Amitabh Bachchan_0.jpg,Amitabh Bachchan
Amitabh Bachchan_1.jpg,Amitabh Bachchan
Amitabh Bachchan_2.jpg,Amitabh Bachchan
Amitabh Bachchan_3.jpg,Amitabh Bachchan
Amitabh Bachchan_4.jpg,Amitabh Bachchan
Amitabh Bachchan_5.jpg,Amitabh Bachchan
Amitabh Bachchan_6.jpg,Amitabh Bachchan
Amitabh Bachchan_7.jpg,Amitabh Bachchan
Amitabh Bachchan_8.jpg,Amitabh Bachchan
Amitabh Bachchan_9.jpg,Amitabh Bachchan
Amitabh Bachchan_10.jpg,Amitabh Bachchan
Amitabh Bachchan_11.jpg,Amitabh Bachchan
Amitabh Bachchan_12.jpg,Amitabh Bachchan
Amitabh Bachchan_13.jpg,Amitabh Bachchan
Amitabh Bachchan_14.jpg,Amitabh Bachchan
Amitabh Bachchan_15.jpg,Amitabh Bachchan
Amitabh Bachchan_16.jpg,Amitabh Bachchan
Amitabh Bachchan_17.jpg,Amitabh Bachchan
Amitabh Bachchan_18.jpg,Amitabh Bachchan
Amitabh Bachchan_19.jpg,Amitabh Bachchan
Amitabh Bachchan_20.jpg,Amitabh Bachchan
Amitabh Bachchan_21.jpg,Amitabh Bachchan
Amitabh Bachchan_22.jpg,Amitabh Bachchan
Amitabh Bachchan_23.jpg,Amitabh Bachchan
Amitabh Bachchan_24.jpg,Amitabh Bachchan
Amitabh Bachchan_25.jpg,Amitabh Bachchan
Amitabh Bachchan_26.jpg,Amitabh Bachchan
Amitabh Bachchan_27.jpg,Amitabh Bachchan
Amitabh Bachchan_28.jpg,Amitabh Bachchan
Amitabh Bachchan_29.jpg,Amitabh Bachchan
Amitabh Bachchan_30.jpg,Amitabh Bachchan
Amitabh Bachchan_31.jpg,Amitabh Bachchan
Amitabh Bachchan_32.jpg,Amitabh Bachchan
Amitabh Bachchan_33.jpg,Amitabh Bachchan
Amitabh Bachchan_34.jpg,Amitabh Bachchan
Amitabh Bachchan_35.jpg,Amitabh Bachchan
Amitabh Bachchan_36.jpg,Amitabh Bachchan
Amitabh Bachchan_37.jpg,Amitabh Bachchan
Amitabh Bachchan_38.jpg,Amitabh Bachchan
Amitabh Bachchan_39.jpg,Amitabh Bachchan
Amitabh Bachchan_40.jpg,Amitabh Bachchan
Amitabh Bachchan_41.jpg,Amitabh Bachchan
Amitabh Bachchan_42.jpg,Amitabh Bachchan
Amitabh Bachchan_43.jpg,Amitabh Bachchan
Amitabh Bachchan_44.jpg,Amitabh Bachchan
Amitabh Bachchan_45.jpg,Amitabh Bachchan
Amitabh Bachchan_46.jpg,Amitabh Bachchan
Amitabh Bachchan_47.jpg,Amitabh Bachchan
Amitabh Bachchan_48.jpg,Amitabh Bachchan
Amitabh Bachchan_49.jpg,Amitabh Bachchan
Amitabh Bachchan_50.jpg,Amitabh Bachchan
Amitabh Bachchan_51.jpg,Amitabh Bachchan
Amitabh Bachchan_52.jpg,Amitabh Bachchan
Amitabh Bachchan_53.jpg,Amitabh Bachchan
Amitabh Bachchan_54.jpg,Amitabh Bachchan
Amitabh Bachchan_55.jpg,Amitabh Bachchan
Amitabh Bachchan_56.jpg,Amitabh Bachchan
Amitabh Bachchan_57.jpg,Amitabh Bachchan
Amitabh Bachchan_58.jpg,Amitabh Bachchan
Amitabh Bachchan_59.jpg,Amitabh Bachchan
Amitabh Bachchan_60.jpg,Amitabh Bachchan
Amitabh Bachchan_61.jpg,Amitabh Bachchan
Amitabh Bachchan_62.jpg,Amitabh Bachchan
Amitabh Bachchan_63.jpg,Amitabh Bachchan
Amitabh Bachchan_64.jpg,Amitabh Bachchan
Amitabh Bachchan_65.jpg,Amitabh Bachchan
Amitabh Bachchan_66.jpg,Amitabh Bachchan
Amitabh Bachchan_67.jpg,Amitabh Bachchan
Amitabh Bachchan_68.jpg,Amitabh Bachchan
Amitabh Bachchan_69.jpg,Amitabh Bachchan
Amitabh Bachchan_70.jpg,Amitabh Bachchan
Amitabh Bachchan_71.jpg,Amitabh Bachchan
Amitabh Bachchan_72.jpg,Amitabh Bachchan
Amitabh Bachchan_73.jpg,Amitabh Bachchan
Andy Samberg_0.jpg,Andy Samberg
Andy Samberg_1.jpg,Andy Samberg
Andy Samberg_2.jpg,Andy Samberg
Andy Samberg_3.jpg,Andy Samberg
Andy Samberg_4.jpg,Andy Samberg
Andy Samberg_5.jpg,Andy Samberg
Andy Samberg_6.jpg,Andy Samberg
Andy Samberg_7.jpg,Andy Samberg
Andy Samberg_8.jpg,Andy Samberg
Andy Samberg_9.jpg,Andy Samberg
Andy Samberg_10.jpg,Andy Samberg
Andy Samberg_11.jpg,Andy Samberg
Andy Samberg_12.jpg,Andy Samberg
Andy Samberg_13.jpg,Andy Samberg
Andy Samberg_14.jpg,Andy Samberg
Andy Samberg_15.jpg,Andy Samberg
Andy Samberg_16.jpg,Andy Samberg
Andy Samberg_17.jpg,Andy Samberg
Andy Samberg_18.jpg,Andy Samberg
Andy Samberg_19.jpg,Andy Samberg
Andy Samberg_20.jpg,Andy Samberg
Andy Samberg_21.jpg,Andy Samberg
Andy Samberg_22.jpg,Andy Samberg
Andy Samberg_23.jpg,Andy Samberg
Andy Samberg_24.jpg,Andy Samberg
Andy Samberg_25.jpg,Andy Samberg
Andy Samberg_26.jpg,Andy Samberg
Andy Samberg_27.jpg,Andy Samberg
Andy Samberg_28.jpg,Andy Samberg
Andy Samberg_29.jpg,Andy Samberg
Andy Samberg_30.jpg,Andy Samberg
Andy Samberg_31.jpg,Andy Samberg
Andy Samberg_32.jpg,Andy Samberg
Andy Samberg_33.jpg,Andy Samberg
Andy Samberg_34.jpg,Andy Samberg
Andy Samberg_35.jpg,Andy Samberg
Andy Samberg_36.jpg,Andy Samberg
Andy Samberg_37.jpg,Andy Samberg
Andy Samberg_38.jpg,Andy Samberg
Andy Samberg_39.jpg,Andy Samberg
Andy Samberg_40.jpg,Andy Samberg
Andy Samberg_41.jpg,Andy Samberg
Andy Samberg_42.jpg,Andy Samberg
Andy Samberg_43.jpg,Andy Samberg
Andy Samberg_44.jpg,Andy Samberg
Andy Samberg_45.jpg,Andy Samberg
Andy Samberg_46.jpg,Andy Samberg
Andy Samberg_47.jpg,Andy Samberg
Andy Samberg_48.jpg,Andy Samberg
Andy Samberg_49.jpg,Andy Samberg
Andy Samberg_50.jpg,Andy Samberg
Andy Samberg_51.jpg,Andy Samberg
Andy Samberg_52.jpg,Andy Samberg
Andy Samberg_53.jpg,Andy Samberg
Andy Samberg_54.jpg,Andy Samberg
Andy Samberg_55.jpg,Andy Samberg
Andy Samberg_56.jpg,Andy Samberg
Andy Samberg_57.jpg,Andy Samberg
Andy Samberg_58.jpg,Andy Samberg
Andy Samberg_59.jpg,Andy Samberg
Andy Samberg_60.jpg,Andy Samberg
Andy Samberg_61.jpg,Andy Samberg
Andy Samberg_62.jpg,Andy Samberg
Andy Samberg_63.jpg,Andy Samberg
Andy Samberg_64.jpg,Andy Samberg
Andy Samberg_65.jpg,Andy Samberg
Andy Samberg_66.jpg,Andy Samberg
Andy Samberg_67.jpg,Andy Samberg
Andy Samberg_68.jpg,Andy Samberg
Andy Samberg_69.jpg,Andy Samberg
Andy Samberg_70.jpg,Andy Samberg
Andy Samberg_71.jpg,Andy Samberg
Andy Samberg_72.jpg,Andy Samberg
Andy Samberg_73.jpg,Andy Samberg
Andy Samberg_74.jpg,Andy Samberg
Andy Samberg_75.jpg,Andy Samberg
Andy Samberg_76.jpg,Andy Samberg
Andy Samberg_77.jpg,Andy Samberg
Andy Samberg_78.jpg,Andy Samberg
Andy Samberg_79.jpg,Andy Samberg
Andy Samberg_80.jpg,Andy Samberg
Andy Samberg_81.jpg,Andy Samberg
Andy Samberg_82.jpg,Andy Samberg
Andy Samberg_83.jpg,Andy Samberg
Andy Samberg_84.jpg,Andy Samberg
Andy Samberg_85.jpg,Andy Samberg
Andy Samberg_86.jpg,Andy Samberg
Andy Samberg_87.jpg,Andy Samberg
Andy Samberg_88.jpg,Andy Samberg
Andy Samberg_89.jpg,Andy Samberg
Andy Samberg_90.jpg,Andy Samberg
Andy Samberg_91.jpg,Andy Samberg
Anushka Sharma_0.jpg,Anushka Sharma
Anushka Sharma_1.jpg,Anushka Sharma
Anushka Sharma_2.jpg,Anushka Sharma
Anushka Sharma_3.jpg,Anushka Sharma
Anushka Sharma_4.jpg,Anushka Sharma
Anushka Sharma_5.jpg,Anushka Sharma
Anushka Sharma_6.jpg,Anushka Sharma
Anushka Sharma_7.jpg,Anushka Sharma
Anushka Sharma_8.jpg,Anushka Sharma
Anushka Sharma_9.jpg,Anushka Sharma
Anushka Sharma_10.jpg,Anushka Sharma
Anushka Sharma_11.jpg,Anushka Sharma
Anushka Sharma_12.jpg,Anushka Sharma
Anushka Sharma_13.jpg,Anushka Sharma
Anushka Sharma_14.jpg,Anushka Sharma
Anushka Sharma_15.jpg,Anushka Sharma
Anushka Sharma_16.jpg,Anushka Sharma
Anushka Sharma_17.jpg,Anushka Sharma
Anushka Sharma_18.jpg,Anushka Sharma
Anushka Sharma_19.jpg,Anushka Sharma
Anushka Sharma_20.jpg,Anushka Sharma
Anushka Sharma_21.jpg,Anushka Sharma
Anushka Sharma_22.jpg,Anushka Sharma
Anushka Sharma_23.jpg,Anushka Sharma
Anushka Sharma_24.jpg,Anushka Sharma
Anushka Sharma_25.jpg,Anushka Sharma
Anushka Sharma_26.jpg,Anushka Sharma
Anushka Sharma_27.jpg,Anushka Sharma
Anushka Sharma_28.jpg,Anushka Sharma
Anushka Sharma_29.jpg,Anushka Sharma
Anushka Sharma_30.jpg,Anushka Sharma
Anushka Sharma_31.jpg,Anushka Sharma
Anushka Sharma_32.jpg,Anushka Sharma
Anushka Sharma_33.jpg,Anushka Sharma
Anushka Sharma_34.jpg,Anushka Sharma
Anushka Sharma_35.jpg,Anushka Sharma
Anushka Sharma_36.jpg,Anushka Sharma
Anushka Sharma_37.jpg,Anushka Sharma
Anushka Sharma_38.jpg,Anushka Sharma
Anushka Sharma_39.jpg,Anushka Sharma
Anushka Sharma_40.jpg,Anushka Sharma
Anushka Sharma_41.jpg,Anushka Sharma
Anushka Sharma_42.jpg,Anushka Sharma
Anushka Sharma_43.jpg,Anushka Sharma
Anushka Sharma_44.jpg,Anushka Sharma
Anushka Sharma_45.jpg,Anushka Sharma
Anushka Sharma_46.jpg,Anushka Sharma
Anushka Sharma_47.jpg,Anushka Sharma
Anushka Sharma_48.jpg,Anushka Sharma
Anushka Sharma_49.jpg,Anushka Sharma
Anushka Sharma_50.jpg,Anushka Sharma
Anushka Sharma_51.jpg,Anushka Sharma
Anushka Sharma_52.jpg,Anushka Sharma
Anushka Sharma_53.jpg,Anushka Sharma
Anushka Sharma_54.jpg,Anushka Sharma
Anushka Sharma_55.jpg,Anushka Sharma
Anushka Sharma_56.jpg,Anushka Sharma
Anushka Sharma_57.jpg,Anushka Sharma
Anushka Sharma_58.jpg,Anushka Sharma
Anushka Sharma_59.jpg,Anushka Sharma
Anushka Sharma_60.jpg,Anushka Sharma
Anushka Sharma_61.jpg,Anushka Sharma
Anushka Sharma_62.jpg,Anushka Sharma
Anushka Sharma_63.jpg,Anushka Sharma
Anushka Sharma_64.jpg,Anushka Sharma
Anushka Sharma_65.jpg,Anushka Sharma
Anushka Sharma_66.jpg,Anushka Sharma
Anushka Sharma_67.jpg,Anushka Sharma
Dwayne Johnson_0.jpg,Dwayne Johnson
Dwayne Johnson_1.jpg,Dwayne Johnson
Dwayne Johnson_2.jpg,Dwayne Johnson
Dwayne Johnson_3.jpg,Dwayne Johnson
Dwayne Johnson_4.jpg,Dwayne Johnson
Dwayne Johnson_5.jpg,Dwayne Johnson
Dwayne Johnson_6.jpg,Dwayne Johnson
Dwayne Johnson_7.jpg,Dwayne Johnson
Dwayne Johnson_8.jpg,Dwayne Johnson
Dwayne Johnson_9.jpg,Dwayne Johnson
Dwayne Johnson_10.jpg,Dwayne Johnson
Dwayne Johnson_11.jpg,Dwayne Johnson
Dwayne Johnson_12.jpg,Dwayne Johnson
Dwayne Johnson_13.jpg,Dwayne Johnson
Dwayne Johnson_14.jpg,Dwayne Johnson
Dwayne Johnson_15.jpg,Dwayne Johnson
Dwayne Johnson_16.jpg,Dwayne Johnson
Dwayne Johnson_17.jpg,Dwayne Johnson
Dwayne Johnson_18.jpg,Dwayne Johnson
Dwayne Johnson_19.jpg,Dwayne Johnson
Dwayne Johnson_20.jpg,Dwayne Johnson
Dwayne Johnson_21.jpg,Dwayne Johnson
Dwayne Johnson_22.jpg,Dwayne Johnson
Dwayne Johnson_23.jpg,Dwayne Johnson
Dwayne Johnson_24.jpg,Dwayne Johnson
Dwayne Johnson_25.jpg,Dwayne Johnson
Dwayne Johnson_26.jpg,Dwayne Johnson
Dwayne Johnson_27.jpg,Dwayne Johnson
Dwayne Johnson_28.jpg,Dwayne Johnson
Dwayne Johnson_29.jpg,Dwayne Johnson
Dwayne Johnson_30.jpg,Dwayne Johnson
Dwayne Johnson_31.jpg,Dwayne Johnson
Dwayne Johnson_32.jpg,Dwayne Johnson
Dwayne Johnson_33.jpg,Dwayne Johnson
Dwayne Johnson_34.jpg,Dwayne Johnson
Dwayne Johnson_35.jpg,Dwayne Johnson
Dwayne Johnson_36.jpg,Dwayne Johnson
Dwayne Johnson_37.jpg,Dwayne Johnson
Dwayne Johnson_38.jpg,Dwayne Johnson
Dwayne Johnson_39.jpg,Dwayne Johnson
Dwayne Johnson_40.jpg,Dwayne Johnson
Dwayne Johnson_41.jpg,Dwayne Johnson
Dwayne Johnson_42.jpg,Dwayne Johnson
Dwayne Johnson_43.jpg,Dwayne Johnson
Dwayne Johnson_44.jpg,Dwayne Johnson
Dwayne Johnson_45.jpg,Dwayne Johnson
Dwayne Johnson_46.jpg,Dwayne Johnson
Dwayne Johnson_47.jpg,Dwayne Johnson
Dwayne Johnson_48.jpg,Dwayne Johnson
Dwayne Johnson_49.jpg,Dwayne Johnson
Dwayne Johnson_50.jpg,Dwayne Johnson
Dwayne Johnson_51.jpg,Dwayne Johnson
Dwayne Johnson_52.jpg,Dwayne Johnson
Dwayne Johnson_53.jpg,Dwayne Johnson
Dwayne Johnson_54.jpg,Dwayne Johnson
Dwayne Johnson_55.jpg,Dwayne Johnson
Dwayne Johnson_56.jpg,Dwayne Johnson
Dwayne Johnson_57.jpg,Dwayne Johnson
Dwayne Johnson_58.jpg,Dwayne Johnson
Dwayne Johnson_59.jpg,Dwayne Johnson
Dwayne Johnson_60.jpg,Dwayne Johnson
Henry Cavill_0.jpg,Henry Cavill
Henry Cavill_1.jpg,Henry Cavill
Henry Cavill_2.jpg,Henry Cavill
Henry Cavill_3.jpg,Henry Cavill
Henry Cavill_4.jpg,Henry Cavill
Henry Cavill_5.jpg,Henry Cavill
Henry Cavill_6.jpg,Henry Cavill
Henry Cavill_7.jpg,Henry Cavill
Henry Cavill_8.jpg,Henry Cavill
Henry Cavill_9.jpg,Henry Cavill
Henry Cavill_10.jpg,Henry Cavill
Henry Cavill_11.jpg,Henry Cavill
Henry Cavill_12.jpg,Henry Cavill
Henry Cavill_13.jpg,Henry Cavill
Henry Cavill_14.jpg,Henry Cavill
Henry Cavill_15.jpg,Henry Cavill
Henry Cavill_16.jpg,Henry Cavill
Henry Cavill_17.jpg,Henry Cavill
Henry Cavill_18.jpg,Henry Cavill
Henry Cavill_19.jpg,Henry Cavill
Henry Cavill_20.jpg,Henry Cavill
Henry Cavill_21.jpg,Henry Cavill
Henry Cavill_22.jpg,Henry Cavill
Henry Cavill_23.jpg,Henry Cavill
Henry Cavill_24.jpg,Henry Cavill
Henry Cavill_25.jpg,Henry Cavill
Henry Cavill_26.jpg,Henry Cavill
Henry Cavill_27.jpg,Henry Cavill
Henry Cavill_28.jpg,Henry Cavill
Henry Cavill_29.jpg,Henry Cavill
Henry Cavill_30.jpg,Henry Cavill
Henry Cavill_31.jpg,Henry Cavill
Henry Cavill_32.jpg,Henry Cavill
Henry Cavill_33.jpg,Henry Cavill
Henry Cavill_34.jpg,Henry Cavill
Henry Cavill_35.jpg,Henry Cavill
Henry Cavill_36.jpg,Henry Cavill
Henry Cavill_37.jpg,Henry Cavill
Henry Cavill_38.jpg,Henry Cavill
Henry Cavill_39.jpg,Henry Cavill
Henry Cavill_40.jpg,Henry Cavill
Henry Cavill_41.jpg,Henry Cavill
Henry Cavill_42.jpg,Henry Cavill
Henry Cavill_43.jpg,Henry Cavill
Henry Cavill_44.jpg,Henry Cavill
Henry Cavill_45.jpg,Henry Cavill
Henry Cavill_46.jpg,Henry Cavill
Henry Cavill_47.jpg,Henry Cavill
Henry Cavill_48.jpg,Henry Cavill
Henry Cavill_49.jpg,Henry Cavill
Henry Cavill_50.jpg,Henry Cavill
Henry Cavill_51.jpg,Henry Cavill
Henry Cavill_52.jpg,Henry Cavill
Henry Cavill_53.jpg,Henry Cavill
Henry Cavill_54.jpg,Henry Cavill
Henry Cavill_55.jpg,Henry Cavill
Henry Cavill_56.jpg,Henry Cavill
Henry Cavill_57.jpg,Henry Cavill
Henry Cavill_58.jpg,Henry Cavill
Henry Cavill_59.jpg,Henry Cavill
Henry Cavill_60.jpg,Henry Cavill
Henry Cavill_61.jpg,Henry Cavill
Henry Cavill_62.jpg,Henry Cavill
Henry Cavill_63.jpg,Henry Cavill
Henry Cavill_64.jpg,Henry Cavill
Henry Cavill_65.jpg,Henry Cavill
Henry Cavill_66.jpg,Henry Cavill
Henry Cavill_67.jpg,Henry Cavill
Henry Cavill_68.jpg,Henry Cavill
Henry Cavill_69.jpg,Henry Cavill
Henry Cavill_70.jpg,Henry Cavill
Henry Cavill_71.jpg,Henry Cavill
Henry Cavill_72.jpg,Henry Cavill
Henry Cavill_73.jpg,Henry Cavill
Henry Cavill_74.jpg,Henry Cavill
Henry Cavill_75.jpg,Henry Cavill
Henry Cavill_76.jpg,Henry Cavill
Henry Cavill_77.jpg,Henry Cavill
Henry Cavill_78.jpg,Henry Cavill
Henry Cavill_79.jpg,Henry Cavill
Henry Cavill_80.jpg,Henry Cavill
Henry Cavill_81.jpg,Henry Cavill
Henry Cavill_82.jpg,Henry Cavill
Henry Cavill_83.jpg,Henry Cavill
Henry Cavill_84.jpg,Henry Cavill
Henry Cavill_85.jpg,Henry Cavill
Henry Cavill_86.jpg,Henry Cavill
Henry Cavill_87.jpg,Henry Cavill
Henry Cavill_88.jpg,Henry Cavill
Henry Cavill_89.jpg,Henry Cavill
Henry Cavill_90.jpg,Henry Cavill
Henry Cavill_91.jpg,Henry Cavill
Henry Cavill_92.jpg,Henry Cavill
Henry Cavill_93.jpg,Henry Cavill
Henry Cavill_94.jpg,Henry Cavill
Henry Cavill_95.jpg,Henry Cavill
Henry Cavill_96.jpg,Henry Cavill
Henry Cavill_97.jpg,Henry Cavill
Henry Cavill_98.jpg,Henry Cavill
Henry Cavill_99.jpg,Henry Cavill
Henry Cavill_100.jpg,Henry Cavill
Henry Cavill_101.jpg,Henry Cavill
Henry Cavill_102.jpg,Henry Cavill
Henry Cavill_103.jpg,Henry Cavill
Henry Cavill_104.jpg,Henry Cavill
Henry Cavill_105.jpg,Henry Cavill
Hrithik Roshan_0.jpg,Hrithik Roshan
Hrithik Roshan_1.jpg,Hrithik Roshan
Hrithik Roshan_2.jpg,Hrithik Roshan
Hrithik Roshan_3.jpg,Hrithik Roshan
Hrithik Roshan_4.jpg,Hrithik Roshan
Hrithik Roshan_5.jpg,Hrithik Roshan
Hrithik Roshan_6.jpg,Hrithik Roshan
Hrithik Roshan_7.jpg,Hrithik Roshan
Hrithik Roshan_8.jpg,Hrithik Roshan
Hrithik Roshan_9.jpg,Hrithik Roshan
Hrithik Roshan_10.jpg,Hrithik Roshan
Hrithik Roshan_11.jpg,Hrithik Roshan
Hrithik Roshan_12.jpg,Hrithik Roshan
Hrithik Roshan_13.jpg,Hrithik Roshan
Hrithik Roshan_14.jpg,Hrithik Roshan
Hrithik Roshan_15.jpg,Hrithik Roshan
Hrithik Roshan_16.jpg,Hrithik Roshan
Hrithik Roshan_17.jpg,Hrithik Roshan
Hrithik Roshan_18.jpg,Hrithik Roshan
Hrithik Roshan_19.jpg,Hrithik Roshan
Hrithik Roshan_20.jpg,Hrithik Roshan
Hrithik Roshan_21.jpg,Hrithik Roshan
Hrithik Roshan_22.jpg,Hrithik Roshan
Hrithik Roshan_23.jpg,Hrithik Roshan
Hrithik Roshan_24.jpg,Hrithik Roshan
Hrithik Roshan_25.jpg,Hrithik Roshan
Hrithik Roshan_26.jpg,Hrithik Roshan
Hrithik Roshan_27.jpg,Hrithik Roshan
Hrithik Roshan_28.jpg,Hrithik Roshan
Hrithik Roshan_29.jpg,Hrithik Roshan
Hrithik Roshan_30.jpg,Hrithik Roshan
Hrithik Roshan_31.jpg,Hrithik Roshan
Hrithik Roshan_32.jpg,Hrithik Roshan
Hrithik Roshan_33.jpg,Hrithik Roshan
Hrithik Roshan_34.jpg,Hrithik Roshan
Hrithik Roshan_35.jpg,Hrithik Roshan
Hrithik Roshan_36.jpg,Hrithik Roshan
Hrithik Roshan_37.jpg,Hrithik Roshan
Hrithik Roshan_38.jpg,Hrithik Roshan
Hrithik Roshan_39.jpg,Hrithik Roshan
Hrithik Roshan_40.jpg,Hrithik Roshan
Hrithik Roshan_41.jpg,Hrithik Roshan
Hrithik Roshan_42.jpg,Hrithik Roshan
Hrithik Roshan_43.jpg,Hrithik Roshan
Hrithik Roshan_44.jpg,Hrithik Roshan
Hrithik Roshan_45.jpg,Hrithik Roshan
Hrithik Roshan_46.jpg,Hrithik Roshan
Hrithik Roshan_47.jpg,Hrithik Roshan
Hrithik Roshan_48.jpg,Hrithik Roshan
Hrithik Roshan_49.jpg,Hrithik Roshan
Hrithik Roshan_50.jpg,Hrithik Roshan
Hrithik Roshan_51.jpg,Hrithik Roshan
Hrithik Roshan_52.jpg,Hrithik Roshan
Hrithik Roshan_53.jpg,Hrithik Roshan
Hrithik Roshan_54.jpg,Hrithik Roshan
Hrithik Roshan_55.jpg,Hrithik Roshan
Hrithik Roshan_56.jpg,Hrithik Roshan
Hrithik Roshan_57.jpg,Hrithik Roshan
Hrithik Roshan_58.jpg,Hrithik Roshan
Hrithik Roshan_59.jpg,Hrithik Roshan
Hrithik Roshan_60.jpg,Hrithik Roshan
Hrithik Roshan_61.jpg,Hrithik Roshan
Hrithik Roshan_62.jpg,Hrithik Roshan
Hrithik Roshan_63.jpg,Hrithik Roshan
Hrithik Roshan_64.jpg,Hrithik Roshan
Hrithik Roshan_65.jpg,Hrithik Roshan
Hrithik Roshan_66.jpg,Hrithik Roshan
Hrithik Roshan_67.jpg,Hrithik Roshan
Hrithik Roshan_68.jpg,Hrithik Roshan
Hrithik Roshan_69.jpg,Hrithik Roshan
Hrithik Roshan_70.jpg,Hrithik Roshan
Hrithik Roshan_71.jpg,Hrithik Roshan
Hrithik Roshan_72.jpg,Hrithik Roshan
Hrithik Roshan_73.jpg,Hrithik Roshan
Hrithik Roshan_74.jpg,Hrithik Roshan
Hrithik Roshan_75.jpg,Hrithik Roshan
Hrithik Roshan_76.jpg,Hrithik Roshan
Hrithik Roshan_77.jpg,Hrithik Roshan
Hrithik Roshan_78.jpg,Hrithik Roshan
Hrithik Roshan_79.jpg,Hrithik Roshan
Hrithik Roshan_80.jpg,Hrithik Roshan
Hrithik Roshan_81.jpg,Hrithik Roshan
Hrithik Roshan_82.jpg,Hrithik Roshan
Hrithik Roshan_83.jpg,Hrithik Roshan
Hrithik Roshan_84.jpg,Hrithik Roshan
Hrithik Roshan_85.jpg,Hrithik Roshan
Hrithik Roshan_86.jpg,Hrithik Roshan
Hrithik Roshan_87.jpg,Hrithik Roshan
Hrithik Roshan_88.jpg,Hrithik Roshan
Hrithik Roshan_89.jpg,Hrithik Roshan
Hrithik Roshan_90.jpg,Hrithik Roshan
Hrithik Roshan_91.jpg,Hrithik Roshan
Hrithik Roshan_92.jpg,Hrithik Roshan
Hrithik Roshan_93.jpg,Hrithik Roshan
Hrithik Roshan_94.jpg,Hrithik Roshan
Hrithik Roshan_95.jpg,Hrithik Roshan
Hrithik Roshan_96.jpg,Hrithik Roshan
Hrithik Roshan_97.jpg,Hrithik Roshan
Hrithik Roshan_98.jpg,Hrithik Roshan
Hrithik Roshan_99.jpg,Hrithik Roshan
Hrithik Roshan_100.jpg,Hrithik Roshan
Jessica Alba_0.jpg,Jessica Alba
Jessica Alba_1.jpg,Jessica Alba
Jessica Alba_2.jpg,Jessica Alba
Jessica Alba_3.jpg,Jessica Alba
Jessica Alba_4.jpg,Jessica Alba
Jessica Alba_5.jpg,Jessica Alba
Jessica Alba_6.jpg,Jessica Alba
Jessica Alba_7.jpg,Jessica Alba
Jessica Alba_8.jpg,Jessica Alba
Jessica Alba_9.jpg,Jessica Alba
Jessica Alba_10.jpg,Jessica Alba
Jessica Alba_11.jpg,Jessica Alba
Jessica Alba_12.jpg,Jessica Alba
Jessica Alba_13.jpg,Jessica Alba
Jessica Alba_14.jpg,Jessica Alba
Jessica Alba_15.jpg,Jessica Alba
Jessica Alba_16.jpg,Jessica Alba
Jessica Alba_17.jpg,Jessica Alba
Jessica Alba_18.jpg,Jessica Alba
Jessica Alba_19.jpg,Jessica Alba
Jessica Alba_20.jpg,Jessica Alba
Jessica Alba_21.jpg,Jessica Alba
Jessica Alba_22.jpg,Jessica Alba
Jessica Alba_23.jpg,Jessica Alba
Jessica Alba_24.jpg,Jessica Alba
Jessica Alba_25.jpg,Jessica Alba
Jessica Alba_26.jpg,Jessica Alba
Jessica Alba_27.jpg,Jessica Alba
Jessica Alba_28.jpg,Jessica Alba
Jessica Alba_29.jpg,Jessica Alba
Jessica Alba_30.jpg,Jessica Alba
Jessica Alba_31.jpg,Jessica Alba
Jessica Alba_32.jpg,Jessica Alba
Jessica Alba_33.jpg,Jessica Alba
Jessica Alba_34.jpg,Jessica Alba
Jessica Alba_35.jpg,Jessica Alba
Jessica Alba_36.jpg,Jessica Alba
Jessica Alba_37.jpg,Jessica Alba
Jessica Alba_38.jpg,Jessica Alba
Jessica Alba_39.jpg,Jessica Alba
Jessica Alba_40.jpg,Jessica Alba
Jessica Alba_41.jpg,Jessica Alba
Jessica Alba_42.jpg,Jessica Alba
Jessica Alba_43.jpg,Jessica Alba
Jessica Alba_44.jpg,Jessica Alba
Jessica Alba_45.jpg,Jessica Alba
Jessica Alba_46.jpg,Jessica Alba
Jessica Alba_47.jpg,Jessica Alba
Jessica Alba_48.jpg,Jessica Alba
Jessica Alba_49.jpg,Jessica Alba
Jessica Alba_50.jpg,Jessica Alba
Jessica Alba_51.jpg,Jessica Alba
Jessica Alba_52.jpg,Jessica Alba
Jessica Alba_53.jpg,Jessica Alba
Jessica Alba_54.jpg,Jessica Alba
Jessica Alba_55.jpg,Jessica Alba
Jessica Alba_56.jpg,Jessica Alba
Jessica Alba_57.jpg,Jessica Alba
Jessica Alba_58.jpg,Jessica Alba
Jessica Alba_59.jpg,Jessica Alba
Jessica Alba_60.jpg,Jessica Alba
Jessica Alba_61.jpg,Jessica Alba
Jessica Alba_62.jpg,Jessica Alba
Jessica Alba_63.jpg,Jessica Alba
Jessica Alba_64.jpg,Jessica Alba
Jessica Alba_65.jpg,Jessica Alba
Jessica Alba_66.jpg,Jessica Alba
Jessica Alba_67.jpg,Jessica Alba
Jessica Alba_68.jpg,Jessica Alba
Jessica Alba_69.jpg,Jessica Alba
Jessica Alba_70.jpg,Jessica Alba
Jessica Alba_71.jpg,Jessica Alba
Jessica Alba_72.jpg,Jessica Alba
Jessica Alba_73.jpg,Jessica Alba
Jessica Alba_74.jpg,Jessica Alba
Jessica Alba_75.jpg,Jessica Alba
Jessica Alba_76.jpg,Jessica Alba
Jessica Alba_77.jpg,Jessica Alba
Jessica Alba_78.jpg,Jessica Alba
Jessica Alba_79.jpg,Jessica Alba
Jessica Alba_80.jpg,Jessica Alba
Jessica Alba_81.jpg,Jessica Alba
Jessica Alba_82.jpg,Jessica Alba
Jessica Alba_83.jpg,Jessica Alba
Jessica Alba_84.jpg,Jessica Alba
Jessica Alba_85.jpg,Jessica Alba
Jessica Alba_86.jpg,Jessica Alba
Jessica Alba_87.jpg,Jessica Alba
Jessica Alba_88.jpg,Jessica Alba
Jessica Alba_89.jpg,Jessica Alba
Jessica Alba_90.jpg,Jessica Alba
Jessica Alba_91.jpg,Jessica Alba
Jessica Alba_92.jpg,Jessica Alba
Jessica Alba_93.jpg,Jessica Alba
Jessica Alba_94.jpg,Jessica Alba
Jessica Alba_95.jpg,Jessica Alba
Jessica Alba_96.jpg,Jessica Alba
Jessica Alba_97.jpg,Jessica Alba
Jessica Alba_98.jpg,Jessica Alba
Jessica Alba_99.jpg,Jessica Alba
Jessica Alba_100.jpg,Jessica Alba
Jessica Alba_101.jpg,Jessica Alba
Jessica Alba_102.jpg,Jessica Alba
Jessica Alba_103.jpg,Jessica Alba
Jessica Alba_104.jpg,Jessica Alba
Jessica Alba_105.jpg,Jessica Alba
Jessica Alba_106.jpg,Jessica Alba
Jessica Alba_107.jpg,Jessica Alba
Natalie Portman_0.jpg,Natalie Portman
Natalie Portman_1.jpg,Natalie Portman
Natalie Portman_2.jpg,Natalie Portman
Natalie Portman_3.jpg,Natalie Portman
Natalie Portman_4.jpg,Natalie Portman
Natalie Portman_5.jpg,Natalie Portman
Natalie Portman_6.jpg,Natalie Portman
Natalie Portman_7.jpg,Natalie Portman
Natalie Portman_8.jpg,Natalie Portman
Natalie Portman_9.jpg,Natalie Portman
Natalie Portman_10.jpg,Natalie Portman
Natalie Portman_11.jpg,Natalie Portman
Natalie Portman_12.jpg,Natalie Portman
Natalie Portman_13.jpg,Natalie Portman
Natalie Portman_14.jpg,Natalie Portman
Natalie Portman_15.jpg,Natalie Portman
Natalie Portman_16.jpg,Natalie Portman
Natalie Portman_17.jpg,Natalie Portman
Natalie Portman_18.jpg,Natalie Portman
Natalie Portman_19.jpg,Natalie Portman
Natalie Portman_20.jpg,Natalie Portman
Natalie Portman_21.jpg,Natalie Portman
Natalie Portman_22.jpg,Natalie Portman
Natalie Portman_23.jpg,Natalie Portman
Natalie Portman_24.jpg,Natalie Portman
Natalie Portman_25.jpg,Natalie Portman
Natalie Portman_26.jpg,Natalie Portman
Natalie Portman_27.jpg,Natalie Portman
Natalie Portman_28.jpg,Natalie Portman
Natalie Portman_29.jpg,Natalie Portman
Natalie Portman_30.jpg,Natalie Portman
Natalie Portman_31.jpg,Natalie Portman
Natalie Portman_32.jpg,Natalie Portman
Natalie Portman_33.jpg,Natalie Portman
Natalie Portman_34.jpg,Natalie Portman
Natalie Portman_35.jpg,Natalie Portman
Natalie Portman_36.jpg,Natalie Portman
Natalie Portman_37.jpg,Natalie Portman
Natalie Portman_38.jpg,Natalie Portman
Natalie Portman_39.jpg,Natalie Portman
Natalie Portman_40.jpg,Natalie Portman
Natalie Portman_41.jpg,Natalie Portman
Natalie Portman_42.jpg,Natalie Portman
Natalie Portman_43.jpg,Natalie Portman
Natalie Portman_44.jpg,Natalie Portman
Natalie Portman_45.jpg,Natalie Portman
Natalie Portman_46.jpg,Natalie Portman
Natalie Portman_47.jpg,Natalie Portman
Natalie Portman_48.jpg,Natalie Portman
Natalie Portman_49.jpg,Natalie Portman
Natalie Portman_50.jpg,Natalie Portman
Natalie Portman_51.jpg,Natalie Portman
Natalie Portman_52.jpg,Natalie Portman
Natalie Portman_53.jpg,Natalie Portman
Natalie Portman_54.jpg,Natalie Portman
Natalie Portman_55.jpg,Natalie Portman
Natalie Portman_56.jpg,Natalie Portman
Natalie Portman_57.jpg,Natalie Portman
Natalie Portman_58.jpg,Natalie Portman
Natalie Portman_59.jpg,Natalie Portman
Natalie Portman_60.jpg,Natalie Portman
Natalie Portman_61.jpg,Natalie Portman
Natalie Portman_62.jpg,Natalie Portman
Natalie Portman_63.jpg,Natalie Portman
Natalie Portman_64.jpg,Natalie Portman
Natalie Portman_65.jpg,Natalie Portman
Natalie Portman_66.jpg,Natalie Portman
Natalie Portman_67.jpg,Natalie Portman
Natalie Portman_68.jpg,Natalie Portman
Natalie Portman_69.jpg,Natalie Portman
Natalie Portman_70.jpg,Natalie Portman
Natalie Portman_71.jpg,Natalie Portman
Natalie Portman_72.jpg,Natalie Portman
Natalie Portman_73.jpg,Natalie Portman
Natalie Portman_74.jpg,Natalie Portman
Natalie Portman_75.jpg,Natalie Portman
Natalie Portman_76.jpg,Natalie Portman
Natalie Portman_77.jpg,Natalie Portman
Natalie Portman_78.jpg,Natalie Portman
Natalie Portman_79.jpg,Natalie Portman
Natalie Portman_80.jpg,Natalie Portman
Natalie Portman_81.jpg,Natalie Portman
Natalie Portman_82.jpg,Natalie Portman
Natalie Portman_83.jpg,Natalie Portman
Natalie Portman_84.jpg,Natalie Portman
Natalie Portman_85.jpg,Natalie Portman
Natalie Portman_86.jpg,Natalie Portman
Natalie Portman_87.jpg,Natalie Portman
Natalie Portman_88.jpg,Natalie Portman
Natalie Portman_89.jpg,Natalie Portman
Natalie Portman_90.jpg,Natalie Portman
Natalie Portman_91.jpg,Natalie Portman
Natalie Portman_92.jpg,Natalie Portman
Natalie Portman_93.jpg,Natalie Portman
Natalie Portman_94.jpg,Natalie Portman
Natalie Portman_95.jpg,Natalie Portman
Natalie Portman_96.jpg,Natalie Portman
Natalie Portman_97.jpg,Natalie Portman
Natalie Portman_98.jpg,Natalie Portman
Natalie Portman_99.jpg,Natalie Portman
Natalie Portman_100.jpg,Natalie Portman
Natalie Portman_101.jpg,Natalie Portman
Natalie Portman_102.jpg,Natalie Portman
Natalie Portman_103.jpg,Natalie Portman
Natalie Portman_104.jpg,Natalie Portman
Priyanka Chopra_0.jpg,Priyanka Chopra
Priyanka Chopra_1.jpg,Priyanka Chopra
Priyanka Chopra_2.jpg,Priyanka Chopra
Priyanka Chopra_3.jpg,Priyanka Chopra
Priyanka Chopra_4.jpg,Priyanka Chopra
Priyanka Chopra_5.jpg,Priyanka Chopra
Priyanka Chopra_6.jpg,Priyanka Chopra
Priyanka Chopra_7.jpg,Priyanka Chopra
Priyanka Chopra_8.jpg,Priyanka Chopra
Priyanka Chopra_9.jpg,Priyanka Chopra
Priyanka Chopra_10.jpg,Priyanka Chopra
Priyanka Chopra_11.jpg,Priyanka Chopra
Priyanka Chopra_12.jpg,Priyanka Chopra
Priyanka Chopra_13.jpg,Priyanka Chopra
Priyanka Chopra_14.jpg,Priyanka Chopra
Priyanka Chopra_15.jpg,Priyanka Chopra
Priyanka Chopra_16.jpg,Priyanka Chopra
Priyanka Chopra_17.jpg,Priyanka Chopra
Priyanka Chopra_18.jpg,Priyanka Chopra
Priyanka Chopra_19.jpg,Priyanka Chopra
Priyanka Chopra_20.jpg,Priyanka Chopra
Priyanka Chopra_21.jpg,Priyanka Chopra
Priyanka Chopra_22.jpg,Priyanka Chopra
Priyanka Chopra_23.jpg,Priyanka Chopra
Priyanka Chopra_24.jpg,Priyanka Chopra
Priyanka Chopra_25.jpg,Priyanka Chopra
Priyanka Chopra_26.jpg,Priyanka Chopra
Priyanka Chopra_27.jpg,Priyanka Chopra
Priyanka Chopra_28.jpg,Priyanka Chopra
Priyanka Chopra_29.jpg,Priyanka Chopra
Priyanka Chopra_30.jpg,Priyanka Chopra
Priyanka Chopra_31.jpg,Priyanka Chopra
Priyanka Chopra_32.jpg,Priyanka Chopra
Priyanka Chopra_33.jpg,Priyanka Chopra
Priyanka Chopra_34.jpg,Priyanka Chopra
Priyanka Chopra_35.jpg,Priyanka Chopra
Priyanka Chopra_36.jpg,Priyanka Chopra
Priyanka Chopra_37.jpg,Priyanka Chopra
Priyanka Chopra_38.jpg,Priyanka Chopra
Priyanka Chopra_39.jpg,Priyanka Chopra
Priyanka Chopra_40.jpg,Priyanka Chopra
Priyanka Chopra_41.jpg,Priyanka Chopra
Priyanka Chopra_42.jpg,Priyanka Chopra
Priyanka Chopra_43.jpg,Priyanka Chopra
Priyanka Chopra_44.jpg,Priyanka Chopra
Priyanka Chopra_45.jpg,Priyanka Chopra
Priyanka Chopra_46.jpg,Priyanka Chopra
Priyanka Chopra_47.jpg,Priyanka Chopra
Priyanka Chopra_48.jpg,Priyanka Chopra
Priyanka Chopra_49.jpg,Priyanka Chopra
Priyanka Chopra_50.jpg,Priyanka Chopra
Priyanka Chopra_51.jpg,Priyanka Chopra
Priyanka Chopra_52.jpg,Priyanka Chopra
Priyanka Chopra_53.jpg,Priyanka Chopra
Priyanka Chopra_54.jpg,Priyanka Chopra
Priyanka Chopra_55.jpg,Priyanka Chopra
Priyanka Chopra_56.jpg,Priyanka Chopra
Priyanka Chopra_57.jpg,Priyanka Chopra
Priyanka Chopra_58.jpg,Priyanka Chopra
Priyanka Chopra_59.jpg,Priyanka Chopra
Priyanka Chopra_60.jpg,Priyanka Chopra
Priyanka Chopra_61.jpg,Priyanka Chopra
Priyanka Chopra_62.jpg,Priyanka Chopra
Priyanka Chopra_63.jpg,Priyanka Chopra
Priyanka Chopra_64.jpg,Priyanka Chopra
Priyanka Chopra_65.jpg,Priyanka Chopra
Priyanka Chopra_66.jpg,Priyanka Chopra
Priyanka Chopra_67.jpg,Priyanka Chopra
Priyanka Chopra_68.jpg,Priyanka Chopra
Priyanka Chopra_69.jpg,Priyanka Chopra
Priyanka Chopra_70.jpg,Priyanka Chopra
Priyanka Chopra_71.jpg,Priyanka Chopra
Priyanka Chopra_72.jpg,Priyanka Chopra
Priyanka Chopra_73.jpg,Priyanka Chopra
Priyanka Chopra_74.jpg,Priyanka Chopra
Priyanka Chopra_75.jpg,Priyanka Chopra
Priyanka Chopra_76.jpg,Priyanka Chopra
Priyanka Chopra_77.jpg,Priyanka Chopra
Priyanka Chopra_78.jpg,Priyanka Chopra
Priyanka Chopra_79.jpg,Priyanka Chopra
Priyanka Chopra_80.jpg,Priyanka Chopra
Priyanka Chopra_81.jpg,Priyanka Chopra
Priyanka Chopra_82.jpg,Priyanka Chopra
Priyanka Chopra_83.jpg,Priyanka Chopra
Priyanka Chopra_84.jpg,Priyanka Chopra
Priyanka Chopra_85.jpg,Priyanka Chopra
Priyanka Chopra_86.jpg,Priyanka Chopra
Priyanka Chopra_87.jpg,Priyanka Chopra
Priyanka Chopra_88.jpg,Priyanka Chopra
Priyanka Chopra_89.jpg,Priyanka Chopra
Priyanka Chopra_90.jpg,Priyanka Chopra
Priyanka Chopra_91.jpg,Priyanka Chopra
Priyanka Chopra_92.jpg,Priyanka Chopra
Priyanka Chopra_93.jpg,Priyanka Chopra
Priyanka Chopra_94.jpg,Priyanka Chopra
Priyanka Chopra_95.jpg,Priyanka Chopra
Priyanka Chopra_96.jpg,Priyanka Chopra
Priyanka Chopra_97.jpg,Priyanka Chopra
Priyanka Chopra_98.jpg,Priyanka Chopra
Priyanka Chopra_99.jpg,Priyanka Chopra
Priyanka Chopra_100.jpg,Priyanka Chopra
Priyanka Chopra_101.jpg,Priyanka Chopra
Robert Downey Jr_0.jpg,Robert Downey Jr
Robert Downey Jr_1.jpg,Robert Downey Jr
Robert Downey Jr_2.jpg,Robert Downey Jr
Robert Downey Jr_3.jpg,Robert Downey Jr
Robert Downey Jr_4.jpg,Robert Downey Jr
Robert Downey Jr_5.jpg,Robert Downey Jr
Robert Downey Jr_6.jpg,Robert Downey Jr
Robert Downey Jr_7.jpg,Robert Downey Jr
Robert Downey Jr_8.jpg,Robert Downey Jr
Robert Downey Jr_9.jpg,Robert Downey Jr
Robert Downey Jr_10.jpg,Robert Downey Jr
Robert Downey Jr_11.jpg,Robert Downey Jr
Robert Downey Jr_12.jpg,Robert Downey Jr
Robert Downey Jr_13.jpg,Robert Downey Jr
Robert Downey Jr_14.jpg,Robert Downey Jr
Robert Downey Jr_15.jpg,Robert Downey Jr
Robert Downey Jr_16.jpg,Robert Downey Jr
Robert Downey Jr_17.jpg,Robert Downey Jr
Robert Downey Jr_18.jpg,Robert Downey Jr
Robert Downey Jr_19.jpg,Robert Downey Jr
Robert Downey Jr_20.jpg,Robert Downey Jr
Robert Downey Jr_21.jpg,Robert Downey Jr
Robert Downey Jr_22.jpg,Robert Downey Jr
Robert Downey Jr_23.jpg,Robert Downey Jr
Robert Downey Jr_24.jpg,Robert Downey Jr
Robert Downey Jr_25.jpg,Robert Downey Jr
Robert Downey Jr_26.jpg,Robert Downey Jr
Robert Downey Jr_27.jpg,Robert Downey Jr
Robert Downey Jr_28.jpg,Robert Downey Jr
Robert Downey Jr_29.jpg,Robert Downey Jr
Robert Downey Jr_30.jpg,Robert Downey Jr
Robert Downey Jr_31.jpg,Robert Downey Jr
Robert Downey Jr_32.jpg,Robert Downey Jr
Robert Downey Jr_33.jpg,Robert Downey Jr
Robert Downey Jr_34.jpg,Robert Downey Jr
Robert Downey Jr_35.jpg,Robert Downey Jr
Robert Downey Jr_36.jpg,Robert Downey Jr
Robert Downey Jr_37.jpg,Robert Downey Jr
Robert Downey Jr_38.jpg,Robert Downey Jr
Robert Downey Jr_39.jpg,Robert Downey Jr
Robert Downey Jr_40.jpg,Robert Downey Jr
Robert Downey Jr_41.jpg,Robert Downey Jr
Robert Downey Jr_42.jpg,Robert Downey Jr
Robert Downey Jr_43.jpg,Robert Downey Jr
Robert Downey Jr_44.jpg,Robert Downey Jr
Robert Downey Jr_45.jpg,Robert Downey Jr
Robert Downey Jr_46.jpg,Robert Downey Jr
Robert Downey Jr_47.jpg,Robert Downey Jr
Robert Downey Jr_48.jpg,Robert Downey Jr
Robert Downey Jr_49.jpg,Robert Downey Jr
Robert Downey Jr_50.jpg,Robert Downey Jr
Robert Downey Jr_51.jpg,Robert Downey Jr
Robert Downey Jr_52.jpg,Robert Downey Jr
Robert Downey Jr_53.jpg,Robert Downey Jr
Robert Downey Jr_54.jpg,Robert Downey Jr
Robert Downey Jr_55.jpg,Robert Downey Jr
Robert Downey Jr_56.jpg,Robert Downey Jr
Robert Downey Jr_57.jpg,Robert Downey Jr
Robert Downey Jr_58.jpg,Robert Downey Jr
Robert Downey Jr_59.jpg,Robert Downey Jr
Robert Downey Jr_60.jpg,Robert Downey Jr
Robert Downey Jr_61.jpg,Robert Downey Jr
Robert Downey Jr_62.jpg,Robert Downey Jr
Robert Downey Jr_63.jpg,Robert Downey Jr
Robert Downey Jr_64.jpg,Robert Downey Jr
Robert Downey Jr_65.jpg,Robert Downey Jr
Robert Downey Jr_66.jpg,Robert Downey Jr
Robert Downey Jr_67.jpg,Robert Downey Jr
Robert Downey Jr_68.jpg,Robert Downey Jr
Robert Downey Jr_69.jpg,Robert Downey Jr
Robert Downey Jr_70.jpg,Robert Downey Jr
Robert Downey Jr_71.jpg,Robert Downey Jr
Robert Downey Jr_72.jpg,Robert Downey Jr
Robert Downey Jr_73.jpg,Robert Downey Jr
Robert Downey Jr_74.jpg,Robert Downey Jr
Robert Downey Jr_75.jpg,Robert Downey Jr
Robert Downey Jr_76.jpg,Robert Downey Jr
Robert Downey Jr_77.jpg,Robert Downey Jr
Robert Downey Jr_78.jpg,Robert Downey Jr
Robert Downey Jr_79.jpg,Robert Downey Jr
Robert Downey Jr_80.jpg,Robert Downey Jr
Robert Downey Jr_81.jpg,Robert Downey Jr
Robert Downey Jr_82.jpg,Robert Downey Jr
Robert Downey Jr_83.jpg,Robert Downey Jr
Robert Downey Jr_84.jpg,Robert Downey Jr
Robert Downey Jr_85.jpg,Robert Downey Jr
Robert Downey Jr_86.jpg,Robert Downey Jr
Robert Downey Jr_87.jpg,Robert Downey Jr
Robert Downey Jr_88.jpg,Robert Downey Jr
Robert Downey Jr_89.jpg,Robert Downey Jr
Robert Downey Jr_90.jpg,Robert Downey Jr
Robert Downey Jr_91.jpg,Robert Downey Jr
Robert Downey Jr_92.jpg,Robert Downey Jr
Robert Downey Jr_93.jpg,Robert Downey Jr
Robert Downey Jr_94.jpg,Robert Downey Jr
Robert Downey Jr_95.jpg,Robert Downey Jr
Robert Downey Jr_96.jpg,Robert Downey Jr
Robert Downey Jr_97.jpg,Robert Downey Jr
Robert Downey Jr_98.jpg,Robert Downey Jr
Robert Downey Jr_99.jpg,Robert Downey Jr
Robert Downey Jr_100.jpg,Robert Downey Jr
Robert Downey Jr_101.jpg,Robert Downey Jr
Robert Downey Jr_102.jpg,Robert Downey Jr
Robert Downey Jr_103.jpg,Robert Downey Jr
Robert Downey Jr_104.jpg,Robert Downey Jr
Robert Downey Jr_105.jpg,Robert Downey Jr
Robert Downey Jr_106.jpg,Robert Downey Jr
Robert Downey Jr_107.jpg,Robert Downey Jr
Robert Downey Jr_108.jpg,Robert Downey Jr
Robert Downey Jr_109.jpg,Robert Downey Jr
Robert Downey Jr_110.jpg,Robert Downey Jr
Robert Downey Jr_111.jpg,Robert Downey Jr
Robert Downey Jr_112.jpg,Robert Downey Jr
Roger Federer_0.jpg,Roger Federer
Roger Federer_1.jpg,Roger Federer
Roger Federer_2.jpg,Roger Federer
Roger Federer_3.jpg,Roger Federer
Roger Federer_4.jpg,Roger Federer
Roger Federer_5.jpg,Roger Federer
Roger Federer_6.jpg,Roger Federer
Roger Federer_7.jpg,Roger Federer
Roger Federer_8.jpg,Roger Federer
Roger Federer_9.jpg,Roger Federer
Roger Federer_10.jpg,Roger Federer
Roger Federer_11.jpg,Roger Federer
Roger Federer_12.jpg,Roger Federer
Roger Federer_13.jpg,Roger Federer
Roger Federer_14.jpg,Roger Federer
Roger Federer_15.jpg,Roger Federer
Roger Federer_16.jpg,Roger Federer
Roger Federer_17.jpg,Roger Federer
Roger Federer_18.jpg,Roger Federer
Roger Federer_19.jpg,Roger Federer
Roger Federer_20.jpg,Roger Federer
Roger Federer_21.jpg,Roger Federer
Roger Federer_22.jpg,Roger Federer
Roger Federer_23.jpg,Roger Federer
Roger Federer_24.jpg,Roger Federer
Roger Federer_25.jpg,Roger Federer
Roger Federer_26.jpg,Roger Federer
Roger Federer_27.jpg,Roger Federer
Roger Federer_28.jpg,Roger Federer
Roger Federer_29.jpg,Roger Federer
Roger Federer_30.jpg,Roger Federer
Roger Federer_31.jpg,Roger Federer
Roger Federer_32.jpg,Roger Federer
Roger Federer_33.jpg,Roger Federer
Roger Federer_34.jpg,Roger Federer
Roger Federer_35.jpg,Roger Federer
Roger Federer_36.jpg,Roger Federer
Roger Federer_37.jpg,Roger Federer
Roger Federer_38.jpg,Roger Federer
Roger Federer_39.jpg,Roger Federer
Roger Federer_40.jpg,Roger Federer
Roger Federer_41.jpg,Roger Federer
Roger Federer_42.jpg,Roger Federer
Roger Federer_43.jpg,Roger Federer
Roger Federer_44.jpg,Roger Federer
Roger Federer_45.jpg,Roger Federer
Roger Federer_46.jpg,Roger Federer
Roger Federer_47.jpg,Roger Federer
Roger Federer_48.jpg,Roger Federer
Roger Federer_49.jpg,Roger Federer
Roger Federer_50.jpg,Roger Federer
Roger Federer_51.jpg,Roger Federer
Roger Federer_52.jpg,Roger Federer
Roger Federer_53.jpg,Roger Federer
Roger Federer_54.jpg,Roger Federer
Roger Federer_55.jpg,Roger Federer
Roger Federer_56.jpg,Roger Federer
Roger Federer_57.jpg,Roger Federer
Roger Federer_58.jpg,Roger Federer
Roger Federer_59.jpg,Roger Federer
Roger Federer_60.jpg,Roger Federer
Roger Federer_61.jpg,Roger Federer
Roger Federer_62.jpg,Roger Federer
Roger Federer_63.jpg,Roger Federer
Roger Federer_64.jpg,Roger Federer
Roger Federer_65.jpg,Roger Federer
Roger Federer_66.jpg,Roger Federer
Roger Federer_67.jpg,Roger Federer
Roger Federer_68.jpg,Roger Federer
Roger Federer_69.jpg,Roger Federer
Roger Federer_70.jpg,Roger Federer
Roger Federer_71.jpg,Roger Federer
Roger Federer_72.jpg,Roger Federer
Roger Federer_73.jpg,Roger Federer
Roger Federer_74.jpg,Roger Federer
Roger Federer_75.jpg,Roger Federer
Roger Federer_76.jpg,Roger Federer
Tom Cruise_0.jpg,Tom Cruise
Tom Cruise_1.jpg,Tom Cruise
Tom Cruise_2.jpg,Tom Cruise
Tom Cruise_3.jpg,Tom Cruise
Tom Cruise_4.jpg,Tom Cruise
Tom Cruise_5.jpg,Tom Cruise
Tom Cruise_6.jpg,Tom Cruise
Tom Cruise_7.jpg,Tom Cruise
Tom Cruise_8.jpg,Tom Cruise
Tom Cruise_9.jpg,Tom Cruise
Tom Cruise_10.jpg,Tom Cruise
Tom Cruise_11.jpg,Tom Cruise
Tom Cruise_12.jpg,Tom Cruise
Tom Cruise_13.jpg,Tom Cruise
Tom Cruise_14.jpg,Tom Cruise
Tom Cruise_15.jpg,Tom Cruise
Tom Cruise_16.jpg,Tom Cruise
Tom Cruise_17.jpg,Tom Cruise
Tom Cruise_18.jpg,Tom Cruise
Tom Cruise_19.jpg,Tom Cruise
Tom Cruise_20.jpg,Tom Cruise
Tom Cruise_21.jpg,Tom Cruise
Tom Cruise_22.jpg,Tom Cruise
Tom Cruise_23.jpg,Tom Cruise
Tom Cruise_24.jpg,Tom Cruise
Tom Cruise_25.jpg,Tom Cruise
Tom Cruise_26.jpg,Tom Cruise
Tom Cruise_27.jpg,Tom Cruise
Tom Cruise_28.jpg,Tom Cruise
Tom Cruise_29.jpg,Tom Cruise
Tom Cruise_30.jpg,Tom Cruise
Tom Cruise_31.jpg,Tom Cruise
Tom Cruise_32.jpg,Tom Cruise
Tom Cruise_33.jpg,Tom Cruise
Tom Cruise_34.jpg,Tom Cruise
Tom Cruise_35.jpg,Tom Cruise
Tom Cruise_36.jpg,Tom Cruise
Tom Cruise_37.jpg,Tom Cruise
Tom Cruise_38.jpg,Tom Cruise
Tom Cruise_39.jpg,Tom Cruise
Tom Cruise_40.jpg,Tom Cruise
Tom Cruise_41.jpg,Tom Cruise
Tom Cruise_42.jpg,Tom Cruise
Tom Cruise_43.jpg,Tom Cruise
Tom Cruise_44.jpg,Tom Cruise
Tom Cruise_45.jpg,Tom Cruise
Tom Cruise_46.jpg,Tom Cruise
Tom Cruise_47.jpg,Tom Cruise
Tom Cruise_48.jpg,Tom Cruise
Tom Cruise_49.jpg,Tom Cruise
Tom Cruise_50.jpg,Tom Cruise
Tom Cruise_51.jpg,Tom Cruise
Tom Cruise_52.jpg,Tom Cruise
Tom Cruise_53.jpg,Tom Cruise
Tom Cruise_54.jpg,Tom Cruise
Tom Cruise_55.jpg,Tom Cruise
Tom Cruise_56.jpg,Tom Cruise
Tom Cruise_57.jpg,Tom Cruise
Vijay Deverakonda_0.jpg,Vijay Deverakonda
Vijay Deverakonda_1.jpg,Vijay Deverakonda
Vijay Deverakonda_2.jpg,Vijay Deverakonda
Vijay Deverakonda_3.jpg,Vijay Deverakonda
Vijay Deverakonda_4.jpg,Vijay Deverakonda
Vijay Deverakonda_5.jpg,Vijay Deverakonda
Vijay Deverakonda_6.jpg,Vijay Deverakonda
Vijay Deverakonda_7.jpg,Vijay Deverakonda
Vijay Deverakonda_8.jpg,Vijay Deverakonda
Vijay Deverakonda_9.jpg,Vijay Deverakonda
Vijay Deverakonda_10.jpg,Vijay Deverakonda
Vijay Deverakonda_11.jpg,Vijay Deverakonda
Vijay Deverakonda_12.jpg,Vijay Deverakonda
Vijay Deverakonda_13.jpg,Vijay Deverakonda
Vijay Deverakonda_14.jpg,Vijay Deverakonda
Vijay Deverakonda_15.jpg,Vijay Deverakonda
Vijay Deverakonda_16.jpg,Vijay Deverakonda
Vijay Deverakonda_17.jpg,Vijay Deverakonda
Vijay Deverakonda_18.jpg,Vijay Deverakonda
Vijay Deverakonda_19.jpg,Vijay Deverakonda
Vijay Deverakonda_20.jpg,Vijay Deverakonda
Vijay Deverakonda_21.jpg,Vijay Deverakonda
Vijay Deverakonda_22.jpg,Vijay Deverakonda
Vijay Deverakonda_23.jpg,Vijay Deverakonda
Vijay Deverakonda_24.jpg,Vijay Deverakonda
Vijay Deverakonda_25.jpg,Vijay Deverakonda
Vijay Deverakonda_26.jpg,Vijay Deverakonda
Vijay Deverakonda_27.jpg,Vijay Deverakonda
Vijay Deverakonda_28.jpg,Vijay Deverakonda
Vijay Deverakonda_29.jpg,Vijay Deverakonda
Vijay Deverakonda_30.jpg,Vijay Deverakonda
Vijay Deverakonda_31.jpg,Vijay Deverakonda
Vijay Deverakonda_32.jpg,Vijay Deverakonda
Vijay Deverakonda_33.jpg,Vijay Deverakonda
Vijay Deverakonda_34.jpg,Vijay Deverakonda
Vijay Deverakonda_35.jpg,Vijay Deverakonda
Vijay Deverakonda_36.jpg,Vijay Deverakonda
Vijay Deverakonda_37.jpg,Vijay Deverakonda
Vijay Deverakonda_38.jpg,Vijay Deverakonda
Vijay Deverakonda_39.jpg,Vijay Deverakonda
Vijay Deverakonda_40.jpg,Vijay Deverakonda
Vijay Deverakonda_41.jpg,Vijay Deverakonda
Vijay Deverakonda_42.jpg,Vijay Deverakonda
Vijay Deverakonda_43.jpg,Vijay Deverakonda
Vijay Deverakonda_44.jpg,Vijay Deverakonda
Vijay Deverakonda_45.jpg,Vijay Deverakonda
Vijay Deverakonda_46.jpg,Vijay Deverakonda
Vijay Deverakonda_47.jpg,Vijay Deverakonda
Vijay Deverakonda_48.jpg,Vijay Deverakonda
Vijay Deverakonda_49.jpg,Vijay Deverakonda
Vijay Deverakonda_50.jpg,Vijay Deverakonda
Vijay Deverakonda_51.jpg,Vijay Deverakonda
Vijay Deverakonda_52.jpg,Vijay Deverakonda
Vijay Deverakonda_53.jpg,Vijay Deverakonda
Vijay Deverakonda_54.jpg,Vijay Deverakonda
Vijay Deverakonda_55.jpg,Vijay Deverakonda
Vijay Deverakonda_56.jpg,Vijay Deverakonda
Vijay Deverakonda_57.jpg,Vijay Deverakonda
Vijay Deverakonda_58.jpg,Vijay Deverakonda
Vijay Deverakonda_59.jpg,Vijay Deverakonda
Vijay Deverakonda_60.jpg,Vijay Deverakonda
Vijay Deverakonda_61.jpg,Vijay Deverakonda
Vijay Deverakonda_62.jpg,Vijay Deverakonda
Vijay Deverakonda_63.jpg,Vijay Deverakonda
Vijay Deverakonda_64.jpg,Vijay Deverakonda
Vijay Deverakonda_65.jpg,Vijay Deverakonda
Vijay Deverakonda_66.jpg,Vijay Deverakonda
Vijay Deverakonda_67.jpg,Vijay Deverakonda
Vijay Deverakonda_68.jpg,Vijay Deverakonda
Vijay Deverakonda_69.jpg,Vijay Deverakonda
Vijay Deverakonda_70.jpg,Vijay Deverakonda
Vijay Deverakonda_71.jpg,Vijay Deverakonda
Vijay Deverakonda_72.jpg,Vijay Deverakonda
Vijay Deverakonda_73.jpg,Vijay Deverakonda
Vijay Deverakonda_74.jpg,Vijay Deverakonda
Vijay Deverakonda_75.jpg,Vijay Deverakonda
Vijay Deverakonda_76.jpg,Vijay Deverakonda
Vijay Deverakonda_77.jpg,Vijay Deverakonda
Vijay Deverakonda_78.jpg,Vijay Deverakonda
Vijay Deverakonda_79.jpg,Vijay Deverakonda
Vijay Deverakonda_80.jpg,Vijay Deverakonda
Vijay Deverakonda_81.jpg,Vijay Deverakonda
Vijay Deverakonda_82.jpg,Vijay Deverakonda
Vijay Deverakonda_83.jpg,Vijay Deverakonda
Vijay Deverakonda_84.jpg,Vijay Deverakonda
Vijay Deverakonda_85.jpg,Vijay Deverakonda
Vijay Deverakonda_86.jpg,Vijay Deverakonda
Vijay Deverakonda_87.jpg,Vijay Deverakonda
Vijay Deverakonda_88.jpg,Vijay Deverakonda
Vijay Deverakonda_89.jpg,Vijay Deverakonda
Vijay Deverakonda_90.jpg,Vijay Deverakonda
Vijay Deverakonda_91.jpg,Vijay Deverakonda
Vijay Deverakonda_92.jpg,Vijay Deverakonda
Vijay Deverakonda_93.jpg,Vijay Deverakonda
Vijay Deverakonda_94.jpg,Vijay Deverakonda
Vijay Deverakonda_95.jpg,Vijay Deverakonda
Vijay Deverakonda_96.jpg,Vijay Deverakonda
Vijay Deverakonda_97.jpg,Vijay Deverakonda
Vijay Deverakonda_98.jpg,Vijay Deverakonda
Vijay Deverakonda_99.jpg,Vijay Deverakonda
Vijay Deverakonda_100.jpg,Vijay Deverakonda
Vijay Deverakonda_101.jpg,Vijay Deverakonda
Vijay Deverakonda_102.jpg,Vijay Deverakonda
Vijay Deverakonda_103.jpg,Vijay Deverakonda
Vijay Deverakonda_104.jpg,Vijay Deverakonda
Vijay Deverakonda_105.jpg,Vijay Deverakonda
Vijay Deverakonda_106.jpg,Vijay Deverakonda
Vijay Deverakonda_107.jpg,Vijay Deverakonda
Vijay Deverakonda_108.jpg,Vijay Deverakonda
Vijay Deverakonda_109.jpg,Vijay Deverakonda
Vijay Deverakonda_110.jpg,Vijay Deverakonda
Vijay Deverakonda_111.jpg,Vijay Deverakonda
Vijay Deverakonda_112.jpg,Vijay Deverakonda
Vijay Deverakonda_113.jpg,Vijay Deverakonda
Vijay Deverakonda_114.jpg,Vijay Deverakonda
Virat Kohli_0.jpg,Virat Kohli
Virat Kohli_1.jpg,Virat Kohli
Virat Kohli_2.jpg,Virat Kohli
Virat Kohli_3.jpg,Virat Kohli
Virat Kohli_4.jpg,Virat Kohli
Virat Kohli_5.jpg,Virat Kohli
Virat Kohli_6.jpg,Virat Kohli
Virat Kohli_7.jpg,Virat Kohli
Virat Kohli_8.jpg,Virat Kohli
Virat Kohli_9.jpg,Virat Kohli
Virat Kohli_10.jpg,Virat Kohli
Virat Kohli_11.jpg,Virat Kohli
Virat Kohli_12.jpg,Virat Kohli
Virat Kohli_13.jpg,Virat Kohli
Virat Kohli_14.jpg,Virat Kohli
Virat Kohli_15.jpg,Virat Kohli
Virat Kohli_16.jpg,Virat Kohli
Virat Kohli_17.jpg,Virat Kohli
Virat Kohli_18.jpg,Virat Kohli
Virat Kohli_19.jpg,Virat Kohli
Virat Kohli_20.jpg,Virat Kohli
Virat Kohli_21.jpg,Virat Kohli
Virat Kohli_22.jpg,Virat Kohli
Virat Kohli_23.jpg,Virat Kohli
Virat Kohli_24.jpg,Virat Kohli
Virat Kohli_25.jpg,Virat Kohli
Virat Kohli_26.jpg,Virat Kohli
Virat Kohli_27.jpg,Virat Kohli
Virat Kohli_28.jpg,Virat Kohli
Virat Kohli_29.jpg,Virat Kohli
Virat Kohli_30.jpg,Virat Kohli
Virat Kohli_31.jpg,Virat Kohli
Virat Kohli_32.jpg,Virat Kohli
Virat Kohli_33.jpg,Virat Kohli
Virat Kohli_34.jpg,Virat Kohli
Virat Kohli_35.jpg,Virat Kohli
Virat Kohli_36.jpg,Virat Kohli
Virat Kohli_37.jpg,Virat Kohli
Virat Kohli_38.jpg,Virat Kohli
Virat Kohli_39.jpg,Virat Kohli
Virat Kohli_40.jpg,Virat Kohli
Virat Kohli_41.jpg,Virat Kohli
Virat Kohli_42.jpg,Virat Kohli
Virat Kohli_43.jpg,Virat Kohli
Virat Kohli_44.jpg,Virat Kohli
Virat Kohli_45.jpg,Virat Kohli
Virat Kohli_46.jpg,Virat Kohli
Virat Kohli_47.jpg,Virat Kohli
Virat Kohli_48.jpg,Virat Kohli
image_name,person_name
